"Name","Url"
Vampire Blood Drive,https://miraongchua.com
Dacha 46,https://www.instagram.com/dacha_1946/?hl=en
Y&#39;all Means All: The Emerging Voices Queering Appalachia,http://www.pmpress.org
American Sikh,https://ryanwestra.com
Hob&#39;s Lane #1 - a Lovecraftian kitchen-sink psychodrama,https://bluefoxcomics.com/
Samurai - Reunion,https://twitter.com/WeAreSHAMAN
Fool&#39;s Gold: Into the Bellowing Wilds,http://thedeckofmany.com
Pivo Pod X: Your pocket-sized cameraman,https://getpivo.com
FLECTR 360 WING | The bike reflector with 360Â° visibility,http://www.flectr.bike
I&#39;m Cool Too,https://yafavtrashman.com/
Sea Fire: an ocean urban fantasy novel by Emma Shelford,https://www.emmashelford.com
Get Your Book Selling on Kickstarter: The definitive guide,
